Application Ids,Transaction Traces
:254805001:223927075:,296468
:254807697:223927075:,291972
:254800175:223927075:,290289
:135380833:,201560
:186442941:342733981:,131037
:186442941:342723838:,130908
:186442941:342745110:,130336
:329979374:,101806
:43396973:,90772
:536184622:562743145:,82215
:166794325:,79869
:572030114:572088851:,74082
:536184622:537249853:,73062
:572030114:572095897:,72284
:571799516:425842212:,71219
:571790984:425842212:,70932
:66598285:,70569
:849899980:,61422
:536184622:537246255:,60936
:572030114:572091799:,60704
:425842211:425842212:,60534
:298703686:,49352
:167053486:741519742:,42481
:186442941:,33231
:665468114:,30254
:68551733:,24292
:140264450:,22300
:55326953:,21762
:367480561:,21627
:166794325:824592417:,20135
:140243774:,18156
:430883742:,17312
:617100424:,17070
:188774346:,17006
:617110256:,16553
:36364365:,15808
:617110840:,15461
:140264937:,15304
:609594119:,14604
:430883890:,14567
:25373161:,14438
:213812758:,13924
:56622078:,13829
:430772173:,13730
:430884615:,13678
:617109314:,13471
:430884020:,13109
:763956514:,12751
:30450096:,12474
:19092802:,12448
:757523743:,12098
:782162045:,12093
:210337878:,11580
:275870540:,11283
:57450070:,11264
:142624894:,10745
:127967217:,10730
:606036795:,10631
:293349061:833720810:,10395
:19440618:,10275
:860396442:,10227
:194472230:,10191
:142625161:,10095
:137552392:,10093
:348317040:,10090
:247882069:,10083
:69656367:,10081
:152342915:,10078
:154216607:,10078
:298845346:,10077
:311999614:,10077
:681912450:,10077
:733037473:,10074
:855014213:,10066
:62337053:,10043
:166386864:,9977
:430993614:,9780
:56917192:,9505
:142624932:,9468
:19092308:,9396
:198015630:,9112
:142358328:,8019
:75269248:,7794
:19133474:,7789
:535868523:,7289
:44430672:,6806
:236671766:,6786
:40720979:,6492
:70055812:,6338
:187402444:,6313
:558189968:,6074
:556038960:,6050
:299480469:,6049
:382912854:,6046
:168583310:,6046
:594343928:,5932
:799522218:,5420
:435470799:,5387
:133223095:,5330
:93802591:,5330
:54983181:,5198
:135296351:,5136
:382601681:,5130
:860425413:,5066
:40719648:,4929
:189068069:,4926
:43394587:,4705
:487137982:,4634
:64588466:,4589
:135254002:,4555
:243004299:,4428
:64590110:,4383
:62127314:,3993
:204290606:,3951
:133221821:,3855
:33578620:,3824
:871934888:,3797
:242927323:,3690
:550207831:,3617
:213805998:,3503
:238998925:,3382
:167053486:741515622:,3291
:82811624:,3168
:159063451:,3156
:778496789:,3110
:383823578:,3106
:438220761:,3067
:579567551:,3023
:362789856:223927075:,2989
:103084337:,2870
:44707533:,2828
:111167345:,2819
:815689856:,2725
:84517606:,2550
:250521843:,2547
:230878108:,2529
:872227859:,2298
:872227708:,2293
:872227909:,2289
:188651523:,2282
:57450054:,2265
:211308819:,2192
:719429784:,2188
:127949315:,2169
:121793189:,2159
:74791738:,2069
:861818864:,2036
:210674129:,2026
:818544113:,2020
:235248519:,2017
:293827878:,1991
:452562827:,1769
:377195471:,1746
:344988636:344988637:,1700
:72892101:,1672
:168578340:,1638
:56029187:,1557
:841605508:,1499
:28779185:,1473
:135163438:,1392
:841605536:,1274
:64607967:,1266
:199279838:,1159
:121792536:,1127
:706505913:,1098
:144064942:,1089
:19200584:,1081
:55326950:,1060
:438235854:,1051
:375259698:,1044
:131786492:,1029
:500643231:,1010
:64587691:,956
:573360318:,938
:344988636:348416182:,882
:83017230:,864
:577174715:,843
:369594163:,837
:389354743:,834
:487174445:,832
:44043034:,825
:64589091:,814
:66585642:,812
:778478259:,802
:384518746:,760
:31851577:,756
:105734157:,744
:46132818:,726
:389953538:,721
:227612708:,717
:230414878:,708
:135380082:,701
:31854267:,671
:478070091:,643
:293349061:844720441:,605
:93787157:,583
:318281061:,579
:293349061:844507624:,574
:75740107:,573
:56912100:,567
:136046092:,527
:46947245:,522
:78981510:,516
:64763928:,509
:135372609:,505
:199564256:,479
:498557469:,457
:684506223:,456
:132781120:,450
:64734606:,439
:123015994:,429
:155184856:,399
:157094916:,393
:860358221:,392
:328504408:,387
:172173982:,380
:503384609:503384610:,375
:118057352:,371
:388357969:,370
:659623892:,322
:572467300:,309
:314545304:,302
:872227564:,299
:127947387:,289
:64763132:,278
:488452428:,269
:572370839:,269
:235344605:,264
:238995643:,259
:135381512:,252
:27535981:,250
:28755827:,249
:861817550:,247
:518766465:,227
:815495352:,222
:106080333:,216
:163954904:,215
:72891256:,210
:874454252:,205
:124876538:,205
:134950011:,201
:193871403:,196
:209465082:,191
:135381537:,189
:777691887:,189
:778500583:,184
:276186913:,182
:270720929:,179
:84209187:,179
:68179836:,169
:242355845:,169
:56621138:,163
:133137499:,158
:111157749:,157
:430190830:,153
:378897179:,148
:479901584:,145
:809149372:,144
:97628818:,141
:501129151:,141
:148736245:,140
:85119290:,135
:565932514:,134
:150854407:,132
:135386625:,130
:157547684:,128
:799521902:,125
:389300368:,123
:571839590:571832267:,119
:135380005:,117
:565932840:,111
:73386088:,106
:565933217:,98
:565931672:,95
:716461691:,95
:106828702:,94
:108380132:,92
:46949865:,91
:239556565:,86
:444197186:,86
:565933485:,83
:230849384:,82
:179241405:,81
:395734517:,78
:101414199:,71
:135392221:,70
:783902332:,66
:572304611:,66
:572385338:,66
:479952764:,65
:56767418:,65
:862907730:,64
:164394725:,63
:486905899:,61
:247947710:,60
:117589844:,59
:143469988:,59
:99866965:,56
:54723210:,55
:186035079:,52
:108344030:,49
:243381636:,48
:229929307:,48
:117883523:,45
:19084405:,44
:521953315:,44
:790917894:,44
:198065878:,43
:862800028:,43
:143817191:,41
:394988011:,40
:852428884:,37
:34604305:,37
:66558993:,37
:508036513:,37
:148692106:,37
:70651487:,37
:302449414:,36
:107885909:,36
:186571382:,36
:242673336:,34
:167053486:,34
:41337342:,33
:30449191:,32
:31205950:,32
:861382239:,31
:120797523:,30
:571835539:571832267:,30
:571832266:571832267:,29
:86641809:,29
:812614766:,29
:778128285:,29
:852986992:,29
:502134107:,29
:143860227:,29
:247925869:,28
:135379511:,27
:58437988:,26
:224406131:,26
:799510175:,25
:659615509:,25
:25370379:,24
:453327154:,24
:349012536:,23
:550609638:,22
:188674298:,21
:855126218:,21
:94535685:,21
:472752562:,20
:97443840:,20
:115205841:,20
:314410398:,20
:535965980:,19
:30446313:,19
:117877840:,19
:824177809:,18
:859367286:,18
:143812051:,17
:178729301:,17
:176454485:,17
:169233527:,17
:298189533:,17
:143389531:,17
:854953516:,15
:188756826:,15
:120828027:,14
:827803420:,14
:46132029:,14
:19435283:,13
:135379483:,13
:233352329:,13
:93591273:,13
:26326768:,13
:130055114:,13
:52010170:,12
:549134968:,11
:176814475:,11
:254805132:220934389:,11
:245704760:,11
:70050576:,11
:116244794:,11
:243374677:,10
:135750119:,10
:607241877:,10
:198392640:,9
:572464564:,9
:875934393:,9
:44005169:,9
:22343153:,9
:826743636:,8
:870791099:,8
:135380884:,8
:176905028:,8
:44002724:,8
:615153227:,8
:231642418:,8
:572367199:,8
:22335985:,8
:165400308:,7
:536651099:,7
:233707279:,7
:444183195:,7
:71611515:,6
:122734517:,6
:812614794:,5
:135380249:,5
:134617816:,5
:128209186:,5
:213010185:,5
:19199497:,5
:31204974:,5
:194018966:,4
:672595355:,4
:672604153:,4
:378897183:,4
:108165499:,4
:176892313:,4
:457576502:,4
:166489728:,4
:543254764:,4
:815493475:,4
:472247250:,4
:875929003:,4
:71276859:,4
:875932460:,4
:138101107:,4
:502121440:,4
:876062512:,4
:176966159:,4
:683273642:,3
:666769989:,3
:233806415:,3
:103125202:,3
:813473822:,3
:848098607:,3
:227042892:,3
:83016464:,3
:135378177:,3
:378287932:,3
:210968095:,3
:165940094:,3
:763610125:,2
:108636855:,2
:158051071:,2
:600598494:,2
:201464391:,2
:341598161:,2
:425185493:425185494:,2
:521445007:,2
:778490072:,2
:212521191:,2
:549158138:,2
:805912513:,2
:226691350:,2
:206430801:,2
:826894298:,2
:195873342:,2
:213016108:,2
:838313656:,2
:122730033:,2
:775269721:,2
:599734911:,2
:813547106:,2
:855933375:,2
:534789408:,2
:777554874:,2
:388524547:,2
:135373282:,1
:184943451:,1
:827735620:,1
:599233899:,1
:151945996:,1
:208177627:,1
:599373582:,1
:854067534:,1
:844605685:,1
:217037459:,1
:151675868:,1
:615148041:,1
:243261159:,1
:655701428:,1
:242351527:,1
:870751686:,1
:231640003:,1
:353121017:,1
:118164372:,1
:206574812:,1
:839023431:,1
:490931120:,1
:665377140:,1
:753401309:,1
:743039017:,1
:868591368:,1
:206560599:,1
:827630033:,1
:777627319:,1
:306402357:,1
:176968323:,1
:633533391:,1
:344317751:,1
:163534466:,1
:151942776:,1
